_id,deviceID,lowPulseOccupancy,Ratio,concentration,timestamp
6697351bef447e0007c301cc,device01,220381,0.036730167,19.71461296,Wed Jul 17 2024 03:06:03 GMT+0000 (Coordinated Universal Time)
66973775ef447e0007c301cd,device01,224123,0.037353832,20.03874779,Wed Jul 17 2024 03:16:05 GMT+0000 (Coordinated Universal Time)
669739cfef447e0007c301ce,device01,217430,0.036238335,19.45899773,Wed Jul 17 2024 03:26:07 GMT+0000 (Coordinated Universal Time)
66973c29ef447e0007c301cf,device01,82955,0.013825834,7.808710098,Wed Jul 17 2024 03:36:09 GMT+0000 (Coordinated Universal Time)
66973e83ef447e0007c301d0,device01,238870,0.039811667,21.31611252,Wed Jul 17 2024 03:46:11 GMT+0000 (Coordinated Universal Time)
669740ddef447e0007c301d1,device01,3025,0.000504167,0.88216567,Wed Jul 17 2024 03:56:13 GMT+0000 (Coordinated Universal Time)
66974337ef447e0007c301d2,device01,75199,0.012533166,7.136651993,Wed Jul 17 2024 04:06:15 GMT+0000 (Coordinated Universal Time)
66974591ef447e0007c301d3,device01,93668,0.015611334,8.736970901,Wed Jul 17 2024 04:16:17 GMT+0000 (Coordinated Universal Time)
669747ebef447e0007c301d4,device01,200184,0.033364002,17.96509171,Wed Jul 17 2024 04:26:19 GMT+0000 (Coordinated Universal Time)
66974a45ef447e0007c301d5,device01,663883,0.110647164,58.11149216,Wed Jul 17 2024 04:36:21 GMT+0000 (Coordinated Universal Time)
66974c9fef447e0007c301d6,device01,338586,0.056430999,29.9522171,Wed Jul 17 2024 04:46:23 GMT+0000 (Coordinated Universal Time)
66974ef9ef447e0007c301d7,device01,614626,0.102437668,53.84889221,Wed Jul 17 2024 04:56:25 GMT+0000 (Coordinated Universal Time)
66975153ef447e0007c301d8,device01,503561,0.083926834,44.23583603,Wed Jul 17 2024 05:06:27 GMT+0000 (Coordinated Universal Time)
669753aeef447e0007c301d9,device01,311527,0.051921166,27.60891533,Wed Jul 17 2024 05:16:30 GMT+0000 (Coordinated Universal Time)
66975607ef447e0007c301da,device01,280888,0.046814665,24.95541,Wed Jul 17 2024 05:26:31 GMT+0000 (Coordinated Universal Time)
66975861ef447e0007c301db,device01,167108,0.027851334,15.09976959,Wed Jul 17 2024 05:36:33 GMT+0000 (Coordinated Universal Time)
66975abbef447e0007c301dc,device01,309244,0.051540665,27.41120148,Wed Jul 17 2024 05:46:35 GMT+0000 (Coordinated Universal Time)
66975d15ef447e0007c301dd,device01,226216,0.037702668,20.22004318,Wed Jul 17 2024 05:56:37 GMT+0000 (Coordinated Universal Time)
66975f6fef447e0007c301de,device01,159794,0.026632333,14.46613884,Wed Jul 17 2024 06:06:39 GMT+0000 (Coordinated Universal Time)
669761c9ef447e0007c301df,device01,152583,0.025430501,13.84142017,Wed Jul 17 2024 06:16:41 GMT+0000 (Coordinated Universal Time)
66976423ef447e0007c301e0,device01,90348,0.015058,8.44930172,Wed Jul 17 2024 06:26:43 GMT+0000 (Coordinated Universal Time)
6697667def447e0007c301e1,device01,128718,0.021453001,11.77382278,Wed Jul 17 2024 06:36:45 GMT+0000 (Coordinated Universal Time)
669768d7ef447e0007c301e2,device01,34620,0.00577,3.620273829,Wed Jul 17 2024 06:46:47 GMT+0000 (Coordinated Universal Time)
66976b31ef447e0007c301e3,device01,147200,0.024533333,13.37506294,Wed Jul 17 2024 06:56:49 GMT+0000 (Coordinated Universal Time)
66976d8bef447e0007c301e4,device01,312904,0.052150667,27.72816849,Wed Jul 17 2024 07:06:51 GMT+0000 (Coordinated Universal Time)
66976fe4ef447e0007c301e5,device01,480835,0.080139168,42.26852798,Wed Jul 17 2024 07:16:52 GMT+0000 (Coordinated Universal Time)
6697723fef447e0007c301e6,device01,344374,0.057395667,30.4534359,Wed Jul 17 2024 07:26:55 GMT+0000 (Coordinated Universal Time)
66977499ef447e0007c301e7,device01,218907,0.036484499,19.58693504,Wed Jul 17 2024 07:36:57 GMT+0000 (Coordinated Universal Time)
669776f4ef447e0007c301e8,device01,576568,0.096094668,50.55511475,Wed Jul 17 2024 07:47:00 GMT+0000 (Coordinated Universal Time)
6697794eef447e0007c301e9,device01,74825,0.012470833,7.104244232,Wed Jul 17 2024 07:57:02 GMT+0000 (Coordinated Universal Time)
66977ba9ef447e0007c301ea,device01,78350,0.013058334,7.409687519,Wed Jul 17 2024 08:07:05 GMT+0000 (Coordinated Universal Time)
66977e03ef447e0007c301eb,device01,84234,0.014039,7.91953373,Wed Jul 17 2024 08:17:07 GMT+0000 (Coordinated Universal Time)
6697805def447e0007c301ec,device01,933407,0.15556784,81.42745209,Wed Jul 17 2024 08:27:09 GMT+0000 (Coordinated Universal Time)
669782b8ef447e0007c301ed,device01,22158,0.003693,2.540308237,Wed Jul 17 2024 08:37:12 GMT+0000 (Coordinated Universal Time)
66978513ef447e0007c301ee,device01,0,0,0.620000005,Wed Jul 17 2024 08:47:15 GMT+0000 (Coordinated Universal Time)
6697876def447e0007c301ef,device01,424944,0.070823997,37.42980957,Wed Jul 17 2024 08:57:17 GMT+0000 (Coordinated Universal Time)
669789c7ef447e0007c301f0,device01,173527,0.028921166,15.65585423,Wed Jul 17 2024 09:07:19 GMT+0000 (Coordinated Universal Time)
66978c21ef447e0007c301f1,device01,0,0,0.620000005,Wed Jul 17 2024 09:17:21 GMT+0000 (Coordinated Universal Time)
66978e7bef447e0007c301f2,device01,52703,0.008783833,5.187300682,Wed Jul 17 2024 09:27:23 GMT+0000 (Coordinated Universal Time)
669790d5ef447e0007c301f3,device01,226716,0.037785999,20.26335335,Wed Jul 17 2024 09:37:25 GMT+0000 (Coordinated Universal Time)
66979330ef447e0007c301f4,device01,88466,0.014744333,8.286231041,Wed Jul 17 2024 09:47:28 GMT+0000 (Coordinated Universal Time)
66979589ef447e0007c301f5,device01,160531,0.026755167,14.52998829,Wed Jul 17 2024 09:57:29 GMT+0000 (Coordinated Universal Time)
669797e3ef447e0007c301f6,device01,144164,0.024027333,13.1120348,Wed Jul 17 2024 10:07:31 GMT+0000 (Coordinated Universal Time)
66979a3def447e0007c301f7,device01,36782,0.006130334,3.807631016,Wed Jul 17 2024 10:17:33 GMT+0000 (Coordinated Universal Time)
66979c97ef447e0007c301f8,device01,416475,0.0694125,36.69655991,Wed Jul 17 2024 10:27:35 GMT+0000 (Coordinated Universal Time)
66979ef1ef447e0007c301f9,device01,90378,0.015063,8.451901436,Wed Jul 17 2024 10:37:37 GMT+0000 (Coordinated Universal Time)
6697a14bef447e0007c301fa,device01,101277,0.016879501,9.396263123,Wed Jul 17 2024 10:47:39 GMT+0000 (Coordinated Universal Time)
6697a3a5ef447e0007c301fb,device01,73704,0.012284,7.007108688,Wed Jul 17 2024 10:57:41 GMT+0000 (Coordinated Universal Time)
6697a5ffef447e0007c301fc,device01,11667,0.0019445,1.631125569,Wed Jul 17 2024 11:07:43 GMT+0000 (Coordinated Universal Time)
6697a85aef447e0007c301fd,device01,195827,0.032637835,17.58766365,Wed Jul 17 2024 11:17:46 GMT+0000 (Coordinated Universal Time)
6697aab3ef447e0007c301fe,device01,265434,0.044238999,23.61693764,Wed Jul 17 2024 11:27:47 GMT+0000 (Coordinated Universal Time)
6697ad0eef447e0007c301ff,device01,342651,0.057108499,30.30422974,Wed Jul 17 2024 11:37:50 GMT+0000 (Coordinated Universal Time)
6697af67ef447e0007c30200,device01,303284,0.050547332,26.89504623,Wed Jul 17 2024 11:47:51 GMT+0000 (Coordinated Universal Time)
6697b1c1ef447e0007c30201,device01,295480,0.049246665,26.21918106,Wed Jul 17 2024 11:57:53 GMT+0000 (Coordinated Universal Time)
6697b41cef447e0007c30202,device01,187725,0.031287499,16.88581276,Wed Jul 17 2024 12:07:56 GMT+0000 (Coordinated Universal Time)
6697b676ef447e0007c30203,device01,248706,0.041451,22.16806984,Wed Jul 17 2024 12:17:58 GMT+0000 (Coordinated Universal Time)
6697b8cfef447e0007c30204,device01,276228,0.046038002,24.55181313,Wed Jul 17 2024 12:27:59 GMT+0000 (Coordinated Universal Time)
6697bb2aef447e0007c30205,device01,272177,0.045362834,24.20095825,Wed Jul 17 2024 12:38:02 GMT+0000 (Coordinated Universal Time)
6697bd84ef447e0007c30206,device01,184832,0.030805333,16.63519859,Wed Jul 17 2024 12:48:04 GMT+0000 (Coordinated Universal Time)
6697bfddef447e0007c30207,device01,0,0,0.620000005,Wed Jul 17 2024 12:58:05 GMT+0000 (Coordinated Universal Time)
6697c238ef447e0007c30208,device01,790689,0.131781504,69.08290863,Wed Jul 17 2024 13:08:08 GMT+0000 (Coordinated Universal Time)
6697c491ef447e0007c30209,device01,0,0,0.620000005,Wed Jul 17 2024 13:18:09 GMT+0000 (Coordinated Universal Time)
6697c6ebef447e0007c3020a,device01,216527,0.036087833,19.38077545,Wed Jul 17 2024 13:28:11 GMT+0000 (Coordinated Universal Time)
6697c946ef447e0007c3020b,device01,173186,0.028864333,15.62631416,Wed Jul 17 2024 13:38:14 GMT+0000 (Coordinated Universal Time)
6697cba0ef447e0007c3020c,device01,70542,0.011757,6.733116627,Wed Jul 17 2024 13:48:16 GMT+0000 (Coordinated Universal Time)
6697cdfaef447e0007c3020d,device01,156854,0.026142333,14.21143627,Wed Jul 17 2024 13:58:18 GMT+0000 (Coordinated Universal Time)
6697d054ef447e0007c3020e,device01,0,0,0.620000005,Wed Jul 17 2024 14:08:20 GMT+0000 (Coordinated Universal Time)
6697d2adef447e0007c3020f,device01,0,0,0.620000005,Wed Jul 17 2024 14:18:21 GMT+0000 (Coordinated Universal Time)
6697d507ef447e0007c30210,device01,462573,0.077095501,40.68758011,Wed Jul 17 2024 14:28:23 GMT+0000 (Coordinated Universal Time)
6697d762ef447e0007c30211,device01,872309,0.145384833,76.14317322,Wed Jul 17 2024 14:38:26 GMT+0000 (Coordinated Universal Time)
6697d9bbef447e0007c30212,device01,313132,0.052188668,27.74791336,Wed Jul 17 2024 14:48:27 GMT+0000 (Coordinated Universal Time)
6697dc16ef447e0007c30213,device01,499751,0.083291836,43.90602875,Wed Jul 17 2024 14:58:30 GMT+0000 (Coordinated Universal Time)
6697de6fef447e0007c30214,device01,880492,0.146748662,76.85094452,Wed Jul 17 2024 15:08:31 GMT+0000 (Coordinated Universal Time)
6697e0c9ef447e0007c30215,device01,2185375,0.364229172,189.5682068,Wed Jul 17 2024 15:18:33 GMT+0000 (Coordinated Universal Time)
6697e324ef447e0007c30216,device01,1855283,0.309213847,161.0803833,Wed Jul 17 2024 15:28:36 GMT+0000 (Coordinated Universal Time)
6697e57eef447e0007c30217,device01,646481,0.107746832,56.60560989,Wed Jul 17 2024 15:38:38 GMT+0000 (Coordinated Universal Time)
6697e7d7ef447e0007c30218,device01,751720,0.125286669,65.711586,Wed Jul 17 2024 15:48:39 GMT+0000 (Coordinated Universal Time)
6697ea32ef447e0007c30219,device01,172780,0.028796667,15.5911417,Wed Jul 17 2024 15:58:42 GMT+0000 (Coordinated Universal Time)
6697ec8bef447e0007c3021a,device01,244669,0.040778168,21.81840324,Wed Jul 17 2024 16:08:43 GMT+0000 (Coordinated Universal Time)
6697eee5ef447e0007c3021b,device01,361597,0.060266167,31.94484711,Wed Jul 17 2024 16:18:45 GMT+0000 (Coordinated Universal Time)
6697f13fef447e0007c3021c,device01,542512,0.090418667,47.60745239,Wed Jul 17 2024 16:28:47 GMT+0000 (Coordinated Universal Time)
6697f399ef447e0007c3021d,device01,633314,0.105552331,55.46616745,Wed Jul 17 2024 16:38:49 GMT+0000 (Coordinated Universal Time)
6697f5f4ef447e0007c3021e,device01,222435,0.037072498,19.89253235,Wed Jul 17 2024 16:48:52 GMT+0000 (Coordinated Universal Time)
6697f84eef447e0007c3021f,device01,106399,0.017733166,9.840058327,Wed Jul 17 2024 16:58:54 GMT+0000 (Coordinated Universal Time)
6697faa8ef447e0007c30220,device01,161662,0.026943667,14.62796974,Wed Jul 17 2024 17:08:56 GMT+0000 (Coordinated Universal Time)
6697fd01ef447e0007c30221,device01,384931,0.064155169,33.96533585,Wed Jul 17 2024 17:18:57 GMT+0000 (Coordinated Universal Time)
6697ff5bef447e0007c30222,device01,1105528,0.184254661,96.3102951,Wed Jul 17 2024 17:28:59 GMT+0000 (Coordinated Universal Time)
669801b5ef447e0007c30223,device01,214487,0.035747834,19.20406723,Wed Jul 17 2024 17:39:01 GMT+0000 (Coordinated Universal Time)
6698040fef447e0007c30224,device01,399157,0.066526167,35.19711304,Wed Jul 17 2024 17:49:03 GMT+0000 (Coordinated Universal Time)
6698066aef447e0007c30225,device01,15402,0.002567,1.954814911,Wed Jul 17 2024 17:59:06 GMT+0000 (Coordinated Universal Time)
669808c4ef447e0007c30226,device01,88125,0.0146875,8.25668335,Wed Jul 17 2024 18:09:08 GMT+0000 (Coordinated Universal Time)
66980b1def447e0007c30227,device01,158276,0.026379334,14.33463001,Wed Jul 17 2024 18:19:09 GMT+0000 (Coordinated Universal Time)
66980d78ef447e0007c30228,device01,460690,0.076781668,40.52456284,Wed Jul 17 2024 18:29:12 GMT+0000 (Coordinated Universal Time)
66980fd1ef447e0007c30229,device01,329703,0.054950502,29.18296814,Wed Jul 17 2024 18:39:13 GMT+0000 (Coordinated Universal Time)
6698122bef447e0007c3022a,device01,469884,0.078313999,41.32049942,Wed Jul 17 2024 18:49:15 GMT+0000 (Coordinated Universal Time)
66981485ef447e0007c3022b,device01,331464,0.055243999,29.33546829,Wed Jul 17 2024 18:59:17 GMT+0000 (Coordinated Universal Time)
669816dfef447e0007c3022c,device01,785718,0.130952999,68.65286255,Wed Jul 17 2024 19:09:19 GMT+0000 (Coordinated Universal Time)
66981939ef447e0007c3022d,device01,80108,0.013351333,7.562018394,Wed Jul 17 2024 19:19:21 GMT+0000 (Coordinated Universal Time)
66981b94ef447e0007c3022e,device01,29756,0.004959333,3.198760033,Wed Jul 17 2024 19:29:24 GMT+0000 (Coordinated Universal Time)
66981deeef447e0007c3022f,device01,72628,0.012104667,6.913872242,Wed Jul 17 2024 19:39:26 GMT+0000 (Coordinated Universal Time)
66982049ef447e0007c30230,device01,52126,0.008687667,5.137300491,Wed Jul 17 2024 19:49:29 GMT+0000 (Coordinated Universal Time)
669822a3ef447e0007c30231,device01,244889,0.040814832,21.83745766,Wed Jul 17 2024 19:59:31 GMT+0000 (Coordinated Universal Time)
669824fdef447e0007c30232,device01,208749,0.034791499,18.70702553,Wed Jul 17 2024 20:09:33 GMT+0000 (Coordinated Universal Time)
66982757ef447e0007c30233,device01,55934,0.009322333,5.467284203,Wed Jul 17 2024 20:19:35 GMT+0000 (Coordinated Universal Time)
669829b2ef447e0007c30234,device01,67836,0.011306,6.498635769,Wed Jul 17 2024 20:29:38 GMT+0000 (Coordinated Universal Time)
66982c0cef447e0007c30235,device01,42562,0.007093667,4.308516026,Wed Jul 17 2024 20:39:40 GMT+0000 (Coordinated Universal Time)
66982e65ef447e0007c30236,device01,111626,0.018604333,10.29294395,Wed Jul 17 2024 20:49:41 GMT+0000 (Coordinated Universal Time)
669830bfef447e0007c30237,device01,194634,0.032439001,17.48431969,Wed Jul 17 2024 20:59:43 GMT+0000 (Coordinated Universal Time)
6698331aef447e0007c30238,device01,147300,0.02455,13.38372612,Wed Jul 17 2024 21:09:46 GMT+0000 (Coordinated Universal Time)
66983573ef447e0007c30239,device01,229658,0.038276333,20.51818848,Wed Jul 17 2024 21:19:47 GMT+0000 (Coordinated Universal Time)
669837ceef447e0007c3023a,device01,10913,0.001818833,1.565780759,Wed Jul 17 2024 21:29:50 GMT+0000 (Coordinated Universal Time)
66983a27ef447e0007c3023b,device01,396227,0.066037834,34.9434166,Wed Jul 17 2024 21:39:51 GMT+0000 (Coordinated Universal Time)
66983c82ef447e0007c3023c,device01,544749,0.090791501,47.80108261,Wed Jul 17 2024 21:49:54 GMT+0000 (Coordinated Universal Time)
66983edbef447e0007c3023d,device01,142299,0.0237165,12.95045662,Wed Jul 17 2024 21:59:55 GMT+0000 (Coordinated Universal Time)
66984135ef447e0007c3023e,device01,496667,0.082777835,43.63906097,Wed Jul 17 2024 22:09:57 GMT+0000 (Coordinated Universal Time)
66984390ef447e0007c3023f,device01,472310,0.078718334,41.53052139,Wed Jul 17 2024 22:20:00 GMT+0000 (Coordinated Universal Time)
669845eaef447e0007c30240,device01,532716,0.088785999,46.75953674,Wed Jul 17 2024 22:30:02 GMT+0000 (Coordinated Universal Time)
66984844ef447e0007c30241,device01,157022,0.026170334,14.22599125,Wed Jul 17 2024 22:40:04 GMT+0000 (Coordinated Universal Time)
66984a9eef447e0007c30242,device01,830899,0.138483167,72.56129456,Wed Jul 17 2024 22:50:06 GMT+0000 (Coordinated Universal Time)
66984cf8ef447e0007c30243,device01,155876,0.025979333,14.12670708,Wed Jul 17 2024 23:00:08 GMT+0000 (Coordinated Universal Time)
66984f51ef447e0007c30244,device01,406681,0.067780167,35.84857178,Wed Jul 17 2024 23:10:09 GMT+0000 (Coordinated Universal Time)
669851abef447e0007c30245,device01,200656,0.033442665,18.00597763,Wed Jul 17 2024 23:20:11 GMT+0000 (Coordinated Universal Time)
66985405ef447e0007c30246,device01,128611,0.021435166,11.76455116,Wed Jul 17 2024 23:30:13 GMT+0000 (Coordinated Universal Time)
6698565eef447e0007c30247,device01,277307,0.046217833,24.64526558,Wed Jul 17 2024 23:40:14 GMT+0000 (Coordinated Universal Time)
669858b8ef447e0007c30248,device01,295664,0.049277332,26.23511696,Wed Jul 17 2024 23:50:16 GMT+0000 (Coordinated Universal Time)
66985b11ef447e0007c30249,device01,135608,0.022601333,12.37076473,Thu Jul 18 2024 00:00:17 GMT+0000 (Coordinated Universal Time)
66985d6bef447e0007c3024a,device01,400495,0.066749163,35.31296158,Thu Jul 18 2024 00:10:19 GMT+0000 (Coordinated Universal Time)
66985fc6ef447e0007c3024b,device01,182249,0.030374832,16.41143799,Thu Jul 18 2024 00:20:22 GMT+0000 (Coordinated Universal Time)
66986220ef447e0007c3024c,device01,175746,0.029291,15.84808731,Thu Jul 18 2024 00:30:24 GMT+0000 (Coordinated Universal Time)
6698647aef447e0007c3024d,device01,245114,0.040852334,21.85694695,Thu Jul 18 2024 00:40:26 GMT+0000 (Coordinated Universal Time)
669866d4ef447e0007c3024e,device01,181525,0.030254167,16.34871864,Thu Jul 18 2024 00:50:28 GMT+0000 (Coordinated Universal Time)
6698692def447e0007c3024f,device01,143835,0.0239725,13.08353138,Thu Jul 18 2024 01:00:29 GMT+0000 (Coordinated Universal Time)
66986b88ef447e0007c30250,device01,344111,0.057351835,30.43066216,Thu Jul 18 2024 01:10:32 GMT+0000 (Coordinated Universal Time)
66986de1ef447e0007c30251,device01,53942,0.008990333,5.294667244,Thu Jul 18 2024 01:20:33 GMT+0000 (Coordinated Universal Time)
6698703cef447e0007c30252,device01,51964,0.008660667,5.123262405,Thu Jul 18 2024 01:30:36 GMT+0000 (Coordinated Universal Time)
66987297ef447e0007c30253,device01,116877,0.0194795,10.74790668,Thu Jul 18 2024 01:40:39 GMT+0000 (Coordinated Universal Time)
669874f1ef447e0007c30254,device01,68312,0.011385334,6.53988266,Thu Jul 18 2024 01:50:41 GMT+0000 (Coordinated Universal Time)
6698774bef447e0007c30255,device01,177773,0.029628834,16.02368736,Thu Jul 18 2024 02:00:43 GMT+0000 (Coordinated Universal Time)
669879a6ef447e0007c30256,device01,208541,0.034756832,18.68900871,Thu Jul 18 2024 02:10:46 GMT+0000 (Coordinated Universal Time)
66987c00ef447e0007c30257,device01,32283,0.0053805,3.417750359,Thu Jul 18 2024 02:20:48 GMT+0000 (Coordinated Universal Time)
66987e5aef447e0007c30258,device01,82437,0.0137395,7.763825893,Thu Jul 18 2024 02:30:50 GMT+0000 (Coordinated Universal Time)
669880b5ef447e0007c30259,device01,146991,0.0244985,13.35695553,Thu Jul 18 2024 02:40:53 GMT+0000 (Coordinated Universal Time)
6698830eef447e0007c3025a,device01,0,0,0.620000005,Thu Jul 18 2024 02:50:54 GMT+0000 (Coordinated Universal Time)
66988567ef447e0007c3025b,device01,124425,0.020737501,11.40187645,Thu Jul 18 2024 03:00:55 GMT+0000 (Coordinated Universal Time)
669887c2ef447e0007c3025c,device01,155332,0.025888667,14.07957935,Thu Jul 18 2024 03:10:58 GMT+0000 (Coordinated Universal Time)
66988a1cef447e0007c3025d,device01,258648,0.043108001,23.02918625,Thu Jul 18 2024 03:21:00 GMT+0000 (Coordinated Universal Time)
66988c75ef447e0007c3025e,device01,187640,0.031273331,16.87845039,Thu Jul 18 2024 03:31:01 GMT+0000 (Coordinated Universal Time)
66988ecfef447e0007c3025f,device01,271960,0.045326665,24.18216133,Thu Jul 18 2024 03:41:03 GMT+0000 (Coordinated Universal Time)
66989128ef447e0007c30260,device01,0,0,0.620000005,Thu Jul 18 2024 03:51:04 GMT+0000 (Coordinated Universal Time)
66989382ef447e0007c30261,device01,123395,0.020565834,11.31263638,Thu Jul 18 2024 04:01:06 GMT+0000 (Coordinated Universal Time)
669895dcef447e0007c30262,device01,282836,0.047139332,25.12412453,Thu Jul 18 2024 04:11:08 GMT+0000 (Coordinated Universal Time)
66989836ef447e0007c30263,device01,158317,0.026386166,14.33818054,Thu Jul 18 2024 04:21:10 GMT+0000 (Coordinated Universal Time)
66989a90ef447e0007c30264,device01,154554,0.025759,14.01217747,Thu Jul 18 2024 04:31:12 GMT+0000 (Coordinated Universal Time)
66989ce9ef447e0007c30265,device01,0,0,0.620000005,Thu Jul 18 2024 04:41:13 GMT+0000 (Coordinated Universal Time)
66989f44ef447e0007c30266,device01,244493,0.040748835,21.80315781,Thu Jul 18 2024 04:51:16 GMT+0000 (Coordinated Universal Time)
6698a19eef447e0007c30267,device01,1253106,0.208850995,109.0667877,Thu Jul 18 2024 05:01:18 GMT+0000 (Coordinated Universal Time)
6698a3f7ef447e0007c30268,device01,272358,0.045393001,24.21663284,Thu Jul 18 2024 05:11:19 GMT+0000 (Coordinated Universal Time)
6698a652ef447e0007c30269,device01,170729,0.028454833,15.41346073,Thu Jul 18 2024 05:21:22 GMT+0000 (Coordinated Universal Time)
6698a8acef447e0007c3026a,device01,251549,0.041924834,22.41431618,Thu Jul 18 2024 05:31:24 GMT+0000 (Coordinated Universal Time)
6698ab06ef447e0007c3026b,device01,197091,0.0328485,17.69715881,Thu Jul 18 2024 05:41:26 GMT+0000 (Coordinated Universal Time)
6698ad60ef447e0007c3026c,device01,12244,0.002040667,1.681130886,Thu Jul 18 2024 05:51:28 GMT+0000 (Coordinated Universal Time)
6698afb9ef447e0007c3026d,device01,11442,0.001907,1.611626148,Thu Jul 18 2024 06:01:29 GMT+0000 (Coordinated Universal Time)
6698b214ef447e0007c3026e,device01,6974,0.001162333,1.22440815,Thu Jul 18 2024 06:11:32 GMT+0000 (Coordinated Universal Time)
6698b46eef447e0007c3026f,device01,58134,0.009689,5.657924175,Thu Jul 18 2024 06:21:34 GMT+0000 (Coordinated Universal Time)
6698b6c9ef447e0007c30270,device01,202337,0.033722833,18.15159416,Thu Jul 18 2024 06:31:37 GMT+0000 (Coordinated Universal Time)
6698b922ef447e0007c30271,device01,172410,0.028735001,15.55908871,Thu Jul 18 2024 06:41:38 GMT+0000 (Coordinated Universal Time)
6698bb7cef447e0007c30272,device01,142539,0.0237565,12.97125053,Thu Jul 18 2024 06:51:40 GMT+0000 (Coordinated Universal Time)
6698bdd5ef447e0007c30273,device01,78996,0.013166,7.46566391,Thu Jul 18 2024 07:01:41 GMT+0000 (Coordinated Universal Time)
6698c030ef447e0007c30274,device01,99444,0.016573999,9.237441063,Thu Jul 18 2024 07:11:44 GMT+0000 (Coordinated Universal Time)
6698c28aef447e0007c30275,device01,97294,0.016215667,9.051152229,Thu Jul 18 2024 07:21:46 GMT+0000 (Coordinated Universal Time)
6698c4e4ef447e0007c30276,device01,91783,0.015297167,8.573641777,Thu Jul 18 2024 07:31:48 GMT+0000 (Coordinated Universal Time)
6698c73eef447e0007c30277,device01,323209,0.053868167,28.62059212,Thu Jul 18 2024 07:41:50 GMT+0000 (Coordinated Universal Time)
6698c998ef447e0007c30278,device01,44901,0.0074835,4.511207581,Thu Jul 18 2024 07:51:52 GMT+0000 (Coordinated Universal Time)
6698cbf2ef447e0007c30279,device01,27712,0.004618667,3.021625757,Thu Jul 18 2024 08:01:54 GMT+0000 (Coordinated Universal Time)
6698ce4bef447e0007c3027a,device01,123955,0.020659167,11.36115551,Thu Jul 18 2024 08:11:55 GMT+0000 (Coordinated Universal Time)
6698d0a6ef447e0007c3027b,device01,576672,0.096111998,50.5641098,Thu Jul 18 2024 08:21:58 GMT+0000 (Coordinated Universal Time)
6698d300ef447e0007c3027c,device01,305393,0.050898835,27.07769394,Thu Jul 18 2024 08:32:00 GMT+0000 (Coordinated Universal Time)
6698d55aef447e0007c3027d,device01,408204,0.068034001,35.98043823,Thu Jul 18 2024 08:42:02 GMT+0000 (Coordinated Universal Time)
6698d7b4ef447e0007c3027e,device01,53178,0.008863,5.228462219,Thu Jul 18 2024 08:52:04 GMT+0000 (Coordinated Universal Time)
6698da0eef447e0007c3027f,device01,44427,0.0074045,4.470132351,Thu Jul 18 2024 09:02:06 GMT+0000 (Coordinated Universal Time)
6698dc68ef447e0007c30280,device01,401245,0.066874169,35.37790298,Thu Jul 18 2024 09:12:08 GMT+0000 (Coordinated Universal Time)
6698dec2ef447e0007c30281,device01,123032,0.020505333,11.28118515,Thu Jul 18 2024 09:22:10 GMT+0000 (Coordinated Universal Time)
6698e11cef447e0007c30282,device01,321197,0.053532835,28.44635391,Thu Jul 18 2024 09:32:12 GMT+0000 (Coordinated Universal Time)
6698e376ef447e0007c30283,device01,121974,0.020329,11.18951893,Thu Jul 18 2024 09:42:14 GMT+0000 (Coordinated Universal Time)
6698e5d0ef447e0007c30284,device01,108791,0.018131834,10.04731083,Thu Jul 18 2024 09:52:16 GMT+0000 (Coordinated Universal Time)
6698e82aef447e0007c30285,device01,370904,0.061817333,32.7507515,Thu Jul 18 2024 10:02:18 GMT+0000 (Coordinated Universal Time)
6698ea84ef447e0007c30286,device01,31875,0.0053125,3.382392883,Thu Jul 18 2024 10:12:20 GMT+0000 (Coordinated Universal Time)
6698ecddef447e0007c30287,device01,262398,0.043733001,23.35398483,Thu Jul 18 2024 10:22:21 GMT+0000 (Coordinated Universal Time)
6698ef38ef447e0007c30288,device01,169208,0.028201334,15.28169632,Thu Jul 18 2024 10:32:24 GMT+0000 (Coordinated Universal Time)
6698f192ef447e0007c30289,device01,128346,0.021391001,11.74159241,Thu Jul 18 2024 10:42:26 GMT+0000 (Coordinated Universal Time)
6698f3ebef447e0007c3028a,device01,0,0,0.620000005,Thu Jul 18 2024 10:52:27 GMT+0000 (Coordinated Universal Time)
6698f645ef447e0007c3028b,device01,136762,0.022793667,12.47074604,Thu Jul 18 2024 11:02:29 GMT+0000 (Coordinated Universal Time)
6698f8a0ef447e0007c3028c,device01,64087,0.010681166,6.173774242,Thu Jul 18 2024 11:12:32 GMT+0000 (Coordinated Universal Time)
6698faf9ef447e0007c3028d,device01,1452896,0.242149338,126.3304596,Thu Jul 18 2024 11:22:33 GMT+0000 (Coordinated Universal Time)
6698fd54ef447e0007c3028e,device01,219452,0.036575332,19.63414383,Thu Jul 18 2024 11:32:36 GMT+0000 (Coordinated Universal Time)
6698ffaeef447e0007c3028f,device01,346497,0.057749499,30.6372776,Thu Jul 18 2024 11:42:38 GMT+0000 (Coordinated Universal Time)
66990208ef447e0007c30290,device01,416343,0.069390498,36.68512726,Thu Jul 18 2024 11:52:40 GMT+0000 (Coordinated Universal Time)
66990462ef447e0007c30291,device01,0,0,0.620000005,Thu Jul 18 2024 12:02:41 GMT+0000 (Coordinated Universal Time)
669906bcef447e0007c30292,device01,105138,0.017523,9.730799675,Thu Jul 18 2024 12:12:44 GMT+0000 (Coordinated Universal Time)
66990916ef447e0007c30293,device01,290277,0.048379499,25.76856995,Thu Jul 18 2024 12:22:46 GMT+0000 (Coordinated Universal Time)
66990b6fef447e0007c30294,device01,254940,0.042490002,22.70802498,Thu Jul 18 2024 12:32:47 GMT+0000 (Coordinated Universal Time)
66990dc8ef447e0007c30295,device01,0,0,0.620000005,Thu Jul 18 2024 12:42:48 GMT+0000 (Coordinated Universal Time)
66991022ef447e0007c30296,device01,286892,0.047815334,25.47540665,Thu Jul 18 2024 12:52:50 GMT+0000 (Coordinated Universal Time)
6699127cef447e0007c30297,device01,6192,0.001032,1.156636,Thu Jul 18 2024 13:02:52 GMT+0000 (Coordinated Universal Time)
669914d6ef447e0007c30298,device01,0,0,0.620000005,Thu Jul 18 2024 13:12:54 GMT+0000 (Coordinated Universal Time)
66991730ef447e0007c30299,device01,866286,0.144381002,75.62221527,Thu Jul 18 2024 13:22:56 GMT+0000 (Coordinated Universal Time)
6699198aef447e0007c3029a,device01,411284,0.068547331,36.24711227,Thu Jul 18 2024 13:32:58 GMT+0000 (Coordinated Universal Time)
66991be3ef447e0007c3029b,device01,0,0,0.620000005,Thu Jul 18 2024 13:42:59 GMT+0000 (Coordinated Universal Time)
66991e3eef447e0007c3029c,device01,0,0,0.620000005,Thu Jul 18 2024 13:53:02 GMT+0000 (Coordinated Universal Time)
66992098ef447e0007c3029d,device01,91625,0.015270833,8.559950829,Thu Jul 18 2024 14:03:04 GMT+0000 (Coordinated Universal Time)
669922f2ef447e0007c3029e,device01,113556,0.018926,10.46016693,Thu Jul 18 2024 14:13:06 GMT+0000 (Coordinated Universal Time)
6699254cef447e0007c3029f,device01,401062,0.066843666,35.36205673,Thu Jul 18 2024 14:23:08 GMT+0000 (Coordinated Universal Time)
669927a6ef447e0007c302a0,device01,100845,0.0168075,9.358832359,Thu Jul 18 2024 14:33:10 GMT+0000 (Coordinated Universal Time)
66992a00ef447e0007c302a1,device01,232154,0.038692333,20.73438644,Thu Jul 18 2024 14:43:12 GMT+0000 (Coordinated Universal Time)
66992c5aef447e0007c302a2,device01,5641,0.000940167,1.108883262,Thu Jul 18 2024 14:53:14 GMT+0000 (Coordinated Universal Time)
66992eb4ef447e0007c302a3,device01,383419,0.063903168,33.83441925,Thu Jul 18 2024 15:03:16 GMT+0000 (Coordinated Universal Time)
6699310eef447e0007c302a4,device01,115621,0.019270167,10.63908386,Thu Jul 18 2024 15:13:18 GMT+0000 (Coordinated Universal Time)
66993368ef447e0007c302a5,device01,0,0,0.620000005,Thu Jul 18 2024 15:23:20 GMT+0000 (Coordinated Universal Time)
669935c2ef447e0007c302a6,device01,9545,0.001590833,1.447223663,Thu Jul 18 2024 15:33:22 GMT+0000 (Coordinated Universal Time)
6699381cef447e0007c302a7,device01,72785,0.012130833,6.927476406,Thu Jul 18 2024 15:43:24 GMT+0000 (Coordinated Universal Time)
66993a75ef447e0007c302a8,device01,107066,0.017844334,9.897850037,Thu Jul 18 2024 15:53:25 GMT+0000 (Coordinated Universal Time)
66993cd0ef447e0007c302a9,device01,33515,0.005585833,3.524514914,Thu Jul 18 2024 16:03:28 GMT+0000 (Coordinated Universal Time)
66993f29ef447e0007c302aa,device01,273457,0.045576166,24.31181717,Thu Jul 18 2024 16:13:29 GMT+0000 (Coordinated Universal Time)
66994184ef447e0007c302ab,device01,706798,0.11779967,61.82489395,Thu Jul 18 2024 16:23:32 GMT+0000 (Coordinated Universal Time)
669943deef447e0007c302ac,device01,103341,0.0172235,9.575098038,Thu Jul 18 2024 16:33:34 GMT+0000 (Coordinated Universal Time)
66994637ef447e0007c302ad,device01,76354,0.012725667,7.236733437,Thu Jul 18 2024 16:43:35 GMT+0000 (Coordinated Universal Time)
66994892ef447e0007c302ae,device01,341296,0.056882668,30.18689346,Thu Jul 18 2024 16:53:38 GMT+0000 (Coordinated Universal Time)
66994aecef447e0007c302af,device01,303874,0.050645668,26.9461422,Thu Jul 18 2024 17:03:40 GMT+0000 (Coordinated Universal Time)
66994d46ef447e0007c302b0,device01,169479,0.0282465,15.30517292,Thu Jul 18 2024 17:13:42 GMT+0000 (Coordinated Universal Time)
66994fa0ef447e0007c302b1,device01,338970,0.056495,29.98546982,Thu Jul 18 2024 17:23:44 GMT+0000 (Coordinated Universal Time)
669951faef447e0007c302b2,device01,150434,0.025072332,13.65524101,Thu Jul 18 2024 17:33:46 GMT+0000 (Coordinated Universal Time)
66995453ef447e0007c302b3,device01,0,0,0.620000005,Thu Jul 18 2024 17:43:47 GMT+0000 (Coordinated Universal Time)
669956aeef447e0007c302b4,device01,267975,0.044662502,23.83701897,Thu Jul 18 2024 17:53:50 GMT+0000 (Coordinated Universal Time)
66995908ef447e0007c302b5,device01,0,0,0.620000005,Thu Jul 18 2024 18:03:52 GMT+0000 (Coordinated Universal Time)
66995b62ef447e0007c302b6,device01,374245,0.062374167,33.04005051,Thu Jul 18 2024 18:13:54 GMT+0000 (Coordinated Universal Time)
66995dbcef447e0007c302b7,device01,255640,0.042606667,22.76865196,Thu Jul 18 2024 18:23:56 GMT+0000 (Coordinated Universal Time)
66996016ef447e0007c302b8,device01,51078,0.008513,5.046484947,Thu Jul 18 2024 18:33:58 GMT+0000 (Coordinated Universal Time)
66996270ef447e0007c302b9,device01,466916,0.077819332,41.06356049,Thu Jul 18 2024 18:44:00 GMT+0000 (Coordinated Universal Time)
669964caef447e0007c302ba,device01,418909,0.069818169,36.90729904,Thu Jul 18 2024 18:54:02 GMT+0000 (Coordinated Universal Time)
66996724ef447e0007c302bb,device01,57445,0.009574166,5.598219395,Thu Jul 18 2024 19:04:04 GMT+0000 (Coordinated Universal Time)
6699697eef447e0007c302bc,device01,191885,0.031980835,17.2461834,Thu Jul 18 2024 19:14:06 GMT+0000 (Coordinated Universal Time)
66996bd8ef447e0007c302bd,device01,20344,0.003390667,2.383102894,Thu Jul 18 2024 19:24:08 GMT+0000 (Coordinated Universal Time)
66996e32ef447e0007c302be,device01,318587,0.053097833,28.22032356,Thu Jul 18 2024 19:34:10 GMT+0000 (Coordinated Universal Time)
6699708cef447e0007c302bf,device01,451285,0.07521417,39.71034241,Thu Jul 18 2024 19:44:12 GMT+0000 (Coordinated Universal Time)
669972e6ef447e0007c302c0,device01,247981,0.041330166,22.10527229,Thu Jul 18 2024 19:54:14 GMT+0000 (Coordinated Universal Time)
66997540ef447e0007c302c1,device01,49069,0.008178167,4.872393608,Thu Jul 18 2024 20:04:16 GMT+0000 (Coordinated Universal Time)
6699779aef447e0007c302c2,device01,326182,0.054363668,28.87805367,Thu Jul 18 2024 20:14:18 GMT+0000 (Coordinated Universal Time)
669979f3ef447e0007c302c3,device01,288687,0.048114501,25.630867,Thu Jul 18 2024 20:24:19 GMT+0000 (Coordinated Universal Time)
66997c4eef447e0007c302c4,device01,172819,0.028803166,15.59451962,Thu Jul 18 2024 20:34:22 GMT+0000 (Coordinated Universal Time)
66997ea8ef447e0007c302c5,device01,128322,0.021387,11.73951244,Thu Jul 18 2024 20:44:24 GMT+0000 (Coordinated Universal Time)
66998102ef447e0007c302c6,device01,0,0,0.620000005,Thu Jul 18 2024 20:54:26 GMT+0000 (Coordinated Universal Time)
6699835cef447e0007c302c7,device01,59447,0.009907833,5.771701336,Thu Jul 18 2024 21:04:28 GMT+0000 (Coordinated Universal Time)
669985b5ef447e0007c302c8,device01,229273,0.038212165,20.48483849,Thu Jul 18 2024 21:14:29 GMT+0000 (Coordinated Universal Time)
66998810ef447e0007c302c9,device01,390808,0.065134667,34.47420883,Thu Jul 18 2024 21:24:32 GMT+0000 (Coordinated Universal Time)
66998a6aef447e0007c302ca,device01,80131,0.013355167,7.564011574,Thu Jul 18 2024 21:34:34 GMT+0000 (Coordinated Universal Time)
66998cc4ef447e0007c302cb,device01,578053,0.096342169,50.68363953,Thu Jul 18 2024 21:44:36 GMT+0000 (Coordinated Universal Time)
66998f1eef447e0007c302cc,device01,178759,0.029793167,16.10910225,Thu Jul 18 2024 21:54:38 GMT+0000 (Coordinated Universal Time)
66999177ef447e0007c302cd,device01,368342,0.061390333,32.52890778,Thu Jul 18 2024 22:04:39 GMT+0000 (Coordinated Universal Time)
669993d2ef447e0007c302ce,device01,1089792,0.181631997,94.94986725,Thu Jul 18 2024 22:14:42 GMT+0000 (Coordinated Universal Time)
6699962cef447e0007c302cf,device01,857576,0.14292933,74.86883545,Thu Jul 18 2024 22:24:44 GMT+0000 (Coordinated Universal Time)
66999886ef447e0007c302d0,device01,196245,0.032707501,17.62387276,Thu Jul 18 2024 22:34:46 GMT+0000 (Coordinated Universal Time)
66999ae0ef447e0007c302d1,device01,418758,0.069793001,36.89422607,Thu Jul 18 2024 22:44:48 GMT+0000 (Coordinated Universal Time)
66999d39ef447e0007c302d2,device01,356443,0.059407167,31.4985466,Thu Jul 18 2024 22:54:49 GMT+0000 (Coordinated Universal Time)
66999f93ef447e0007c302d3,device01,296666,0.049444333,26.32189751,Thu Jul 18 2024 23:04:51 GMT+0000 (Coordinated Universal Time)
6699a1ecef447e0007c302d4,device01,740164,0.123360664,64.71178436,Thu Jul 18 2024 23:14:52 GMT+0000 (Coordinated Universal Time)
6699a446ef447e0007c302d5,device01,312698,0.052116334,27.71032906,Thu Jul 18 2024 23:24:54 GMT+0000 (Coordinated Universal Time)
6699a69fef447e0007c302d6,device01,426206,0.071034335,37.53907394,Thu Jul 18 2024 23:34:55 GMT+0000 (Coordinated Universal Time)
6699a8faef447e0007c302d7,device01,125236,0.020872667,11.47214222,Thu Jul 18 2024 23:44:58 GMT+0000 (Coordinated Universal Time)
6699ab53ef447e0007c302d8,device01,0,0,0.620000005,Thu Jul 18 2024 23:54:59 GMT+0000 (Coordinated Universal Time)
6699adadef447e0007c302d9,device01,154332,0.025722001,13.99294472,Fri Jul 19 2024 00:05:01 GMT+0000 (Coordinated Universal Time)
6699b008ef447e0007c302da,device01,0,0,0.620000005,Fri Jul 19 2024 00:15:04 GMT+0000 (Coordinated Universal Time)
6699b262ef447e0007c302db,device01,385126,0.064187668,33.9822197,Fri Jul 19 2024 00:25:06 GMT+0000 (Coordinated Universal Time)
6699b4bbef447e0007c302dc,device01,214138,0.035689667,19.17383575,Fri Jul 19 2024 00:35:07 GMT+0000 (Coordinated Universal Time)
6699b715ef447e0007c302dd,device01,678600,0.1131,59.38498306,Fri Jul 19 2024 00:45:09 GMT+0000 (Coordinated Universal Time)
6699b96fef447e0007c302de,device01,384416,0.064069331,33.92074203,Fri Jul 19 2024 00:55:11 GMT+0000 (Coordinated Universal Time)
6699bbcaef447e0007c302df,device01,147855,0.024642499,13.43180847,Fri Jul 19 2024 01:05:14 GMT+0000 (Coordinated Universal Time)
6699be24ef447e0007c302e0,device01,131043,0.0218405,11.97525787,Fri Jul 19 2024 01:15:16 GMT+0000 (Coordinated Universal Time)
6699c07eef447e0007c302e1,device01,110507,0.018417833,10.19599152,Fri Jul 19 2024 01:25:18 GMT+0000 (Coordinated Universal Time)
6699c2d7ef447e0007c302e2,device01,824559,0.137426496,72.01286316,Fri Jul 19 2024 01:35:19 GMT+0000 (Coordinated Universal Time)
6699c531ef447e0007c302e3,device01,1039791,0.173298493,90.62682343,Fri Jul 19 2024 01:45:21 GMT+0000 (Coordinated Universal Time)
6699c78aef447e0007c302e4,device01,634483,0.105747163,55.56733322,Fri Jul 19 2024 01:55:22 GMT+0000 (Coordinated Universal Time)
6699c9e4ef447e0007c302e5,device01,222189,0.037031502,19.87122536,Fri Jul 19 2024 02:05:24 GMT+0000 (Coordinated Universal Time)
6699cc3eef447e0007c302e6,device01,13605,0.0022675,1.799080372,Fri Jul 19 2024 02:15:26 GMT+0000 (Coordinated Universal Time)
6699ce98ef447e0007c302e7,device01,397152,0.066192001,35.02350998,Fri Jul 19 2024 02:25:28 GMT+0000 (Coordinated Universal Time)
6699d0f1ef447e0007c302e8,device01,0,0,0.620000005,Fri Jul 19 2024 02:35:29 GMT+0000 (Coordinated Universal Time)
6699d34cef447e0007c302e9,device01,273317,0.045552835,24.29969215,Fri Jul 19 2024 02:45:32 GMT+0000 (Coordinated Universal Time)
6699d5a6ef447e0007c302ea,device01,40587,0.0067645,4.137366295,Fri Jul 19 2024 02:55:34 GMT+0000 (Coordinated Universal Time)
6699d800ef447e0007c302eb,device01,123510,0.020585001,11.32260036,Fri Jul 19 2024 03:05:36 GMT+0000 (Coordinated Universal Time)
6699da5aef447e0007c302ec,device01,24235,0.004039166,2.720304728,Fri Jul 19 2024 03:15:38 GMT+0000 (Coordinated Universal Time)
6699dcb4ef447e0007c302ed,device01,460958,0.076826334,40.54776001,Fri Jul 19 2024 03:25:40 GMT+0000 (Coordinated Universal Time)
6699df0eef447e0007c302ee,device01,1163434,0.193905666,101.3160934,Fri Jul 19 2024 03:35:42 GMT+0000 (Coordinated Universal Time)
6699e168ef447e0007c302ef,device01,611212,0.101868667,53.55343628,Fri Jul 19 2024 03:45:44 GMT+0000 (Coordinated Universal Time)
6699e3c2ef447e0007c302f0,device01,0,0,0.620000005,Fri Jul 19 2024 03:55:46 GMT+0000 (Coordinated Universal Time)
6699e61cef447e0007c302f1,device01,211984,0.035330668,18.98725319,Fri Jul 19 2024 04:05:48 GMT+0000 (Coordinated Universal Time)
6699e876ef447e0007c302f2,device01,80763,0.0134605,7.618774414,Fri Jul 19 2024 04:15:50 GMT+0000 (Coordinated Universal Time)
6699eacfef447e0007c302f3,device01,0,0,0.620000005,Fri Jul 19 2024 04:25:51 GMT+0000 (Coordinated Universal Time)
6699ed29ef447e0007c302f4,device01,190503,0.0317505,17.12646484,Fri Jul 19 2024 04:35:53 GMT+0000 (Coordinated Universal Time)
6699ef84ef447e0007c302f5,device01,46281,0.0077135,4.630794525,Fri Jul 19 2024 04:45:56 GMT+0000 (Coordinated Universal Time)
6699f1deef447e0007c302f6,device01,138640,0.023106666,12.63345146,Fri Jul 19 2024 04:55:58 GMT+0000 (Coordinated Universal Time)
6699f438ef447e0007c302f7,device01,876058,0.146009669,76.46743774,Fri Jul 19 2024 05:06:00 GMT+0000 (Coordinated Universal Time)
6699f692ef447e0007c302f8,device01,92372,0.015395333,8.624676704,Fri Jul 19 2024 05:16:02 GMT+0000 (Coordinated Universal Time)
6699f8ecef447e0007c302f9,device01,101239,0.016873166,9.392969131,Fri Jul 19 2024 05:26:04 GMT+0000 (Coordinated Universal Time)
6699fb46ef447e0007c302fa,device01,213346,0.035557665,19.10523224,Fri Jul 19 2024 05:36:06 GMT+0000 (Coordinated Universal Time)
6699fda0ef447e0007c302fb,device01,162303,0.027050501,14.68350124,Fri Jul 19 2024 05:46:08 GMT+0000 (Coordinated Universal Time)
6699fffaef447e0007c302fc,device01,148930,0.024821667,13.5249424,Fri Jul 19 2024 05:56:10 GMT+0000 (Coordinated Universal Time)
669a0253ef447e0007c302fd,device01,0,0,0.620000005,Fri Jul 19 2024 06:06:11 GMT+0000 (Coordinated Universal Time)
669a04aeef447e0007c302fe,device01,99671,0.016611833,9.257109642,Fri Jul 19 2024 06:16:14 GMT+0000 (Coordinated Universal Time)
669a0708ef447e0007c302ff,device01,52400,0.008733333,5.161044121,Fri Jul 19 2024 06:26:16 GMT+0000 (Coordinated Universal Time)
669a0962ef447e0007c30300,device01,196879,0.032813165,17.67879295,Fri Jul 19 2024 06:36:18 GMT+0000 (Coordinated Universal Time)
669a0bbcef447e0007c30301,device01,138887,0.023147833,12.65485001,Fri Jul 19 2024 06:46:20 GMT+0000 (Coordinated Universal Time)
669a0e16ef447e0007c30302,device01,81044,0.013507334,7.643122673,Fri Jul 19 2024 06:56:22 GMT+0000 (Coordinated Universal Time)
669a1071ef447e0007c30303,device01,287633,0.047938835,25.53958321,Fri Jul 19 2024 07:06:25 GMT+0000 (Coordinated Universal Time)
669a12cbef447e0007c30304,device01,198795,0.033132501,17.84476852,Fri Jul 19 2024 07:16:27 GMT+0000 (Coordinated Universal Time)
669a1526ef447e0007c30305,device01,1154082,0.192347005,100.5076752,Fri Jul 19 2024 07:26:30 GMT+0000 (Coordinated Universal Time)
669a1780ef447e0007c30306,device01,125335,0.020889167,11.48071861,Fri Jul 19 2024 07:36:32 GMT+0000 (Coordinated Universal Time)
669a19daef447e0007c30307,device01,221966,0.036994334,19.85190773,Fri Jul 19 2024 07:46:34 GMT+0000 (Coordinated Universal Time)
669a1c34ef447e0007c30308,device01,99571,0.016595166,9.248444557,Fri Jul 19 2024 07:56:36 GMT+0000 (Coordinated Universal Time)
669a1e8eef447e0007c30309,device01,289487,0.048247833,25.70015144,Fri Jul 19 2024 08:06:38 GMT+0000 (Coordinated Universal Time)
669a20e7ef447e0007c3030a,device01,0,0,0.620000005,Fri Jul 19 2024 08:16:39 GMT+0000 (Coordinated Universal Time)
669a2342ef447e0007c3030b,device01,83198,0.013866333,7.82976532,Fri Jul 19 2024 08:26:42 GMT+0000 (Coordinated Universal Time)
669a259cef447e0007c3030c,device01,364533,0.060755499,32.19907761,Fri Jul 19 2024 08:36:44 GMT+0000 (Coordinated Universal Time)
669a27f6ef447e0007c3030d,device01,167512,0.027918667,15.13476849,Fri Jul 19 2024 08:46:46 GMT+0000 (Coordinated Universal Time)
669a2a50ef447e0007c3030e,device01,74961,0.0124935,7.116028786,Fri Jul 19 2024 08:56:48 GMT+0000 (Coordinated Universal Time)
669a2caaef447e0007c3030f,device01,287937,0.047989499,25.56591034,Fri Jul 19 2024 09:06:50 GMT+0000 (Coordinated Universal Time)
669a2f04ef447e0007c30310,device01,6027,0.0010045,1.14233613,Fri Jul 19 2024 09:16:52 GMT+0000 (Coordinated Universal Time)
669a315eef447e0007c30311,device01,18645,0.0031075,2.235863447,Fri Jul 19 2024 09:26:54 GMT+0000 (Coordinated Universal Time)
669a33b8ef447e0007c30312,device01,37002,0.006167,3.826695681,Fri Jul 19 2024 09:36:56 GMT+0000 (Coordinated Universal Time)
669a3612ef447e0007c30313,device01,36656,0.006109333,3.796711683,Fri Jul 19 2024 09:46:58 GMT+0000 (Coordinated Universal Time)
669a386cef447e0007c30314,device01,46488,0.007748,4.648732185,Fri Jul 19 2024 09:57:00 GMT+0000 (Coordinated Universal Time)
669a3ac6ef447e0007c30315,device01,414697,0.069116168,36.5426178,Fri Jul 19 2024 10:07:02 GMT+0000 (Coordinated Universal Time)
669a3d20ef447e0007c30316,device01,0,0,0.620000005,Fri Jul 19 2024 10:17:04 GMT+0000 (Coordinated Universal Time)
669a3f7aef447e0007c30317,device01,81619,0.013603167,7.692945957,Fri Jul 19 2024 10:27:06 GMT+0000 (Coordinated Universal Time)
669a41d4ef447e0007c30318,device01,289492,0.048248667,25.70058441,Fri Jul 19 2024 10:37:08 GMT+0000 (Coordinated Universal Time)
669a442eef447e0007c30319,device01,63034,0.010505667,6.082528591,Fri Jul 19 2024 10:47:10 GMT+0000 (Coordinated Universal Time)
669a4687ef447e0007c3031a,device01,70573,0.011762166,6.735802174,Fri Jul 19 2024 10:57:11 GMT+0000 (Coordinated Universal Time)
669a48e2ef447e0007c3031b,device01,301648,0.050274666,26.75336075,Fri Jul 19 2024 11:07:14 GMT+0000 (Coordinated Universal Time)
669a4b3cef447e0007c3031c,device01,47731,0.007955167,4.756446838,Fri Jul 19 2024 11:17:16 GMT+0000 (Coordinated Universal Time)
669a4d96ef447e0007c3031d,device01,54828,0.009138,5.371443748,Fri Jul 19 2024 11:27:18 GMT+0000 (Coordinated Universal Time)
669a4ff1ef447e0007c3031e,device01,136253,0.022708833,12.42664719,Fri Jul 19 2024 11:37:21 GMT+0000 (Coordinated Universal Time)
669a524aef447e0007c3031f,device01,76384,0.012730666,7.239332676,Fri Jul 19 2024 11:47:22 GMT+0000 (Coordinated Universal Time)
669a54a4ef447e0007c30320,device01,0,0,0.620000005,Fri Jul 19 2024 11:57:24 GMT+0000 (Coordinated Universal Time)
669a56feef447e0007c30321,device01,314170,0.052361667,27.8378067,Fri Jul 19 2024 12:07:26 GMT+0000 (Coordinated Universal Time)
669a5958ef447e0007c30322,device01,55553,0.009258834,5.434268475,Fri Jul 19 2024 12:17:28 GMT+0000 (Coordinated Universal Time)
669a5bb2ef447e0007c30323,device01,44222,0.007370333,4.452367306,Fri Jul 19 2024 12:27:30 GMT+0000 (Coordinated Universal Time)
669a5e0cef447e0007c30324,device01,845690,0.14094834,73.84072113,Fri Jul 19 2024 12:37:32 GMT+0000 (Coordinated Universal Time)
669a6066ef447e0007c30325,device01,643669,0.107278168,56.36227417,Fri Jul 19 2024 12:47:34 GMT+0000 (Coordinated Universal Time)
669a62c0ef447e0007c30326,device01,110007,0.0183345,10.15266991,Fri Jul 19 2024 12:57:36 GMT+0000 (Coordinated Universal Time)
669a651aef447e0007c30327,device01,374860,0.062476669,33.09330368,Fri Jul 19 2024 13:07:38 GMT+0000 (Coordinated Universal Time)
669a6775ef447e0007c30328,device01,192285,0.032047499,17.28083229,Fri Jul 19 2024 13:17:41 GMT+0000 (Coordinated Universal Time)
669a69ceef447e0007c30329,device01,304513,0.050752167,27.00148201,Fri Jul 19 2024 13:27:42 GMT+0000 (Coordinated Universal Time)
669a6c28ef447e0007c3032a,device01,303235,0.050539166,26.89080238,Fri Jul 19 2024 13:37:44 GMT+0000 (Coordinated Universal Time)
669a6e83ef447e0007c3032b,device01,204153,0.034025501,18.30890465,Fri Jul 19 2024 13:47:47 GMT+0000 (Coordinated Universal Time)
669a70dcef447e0007c3032c,device01,550015,0.091669165,48.25688171,Fri Jul 19 2024 13:57:48 GMT+0000 (Coordinated Universal Time)
669a7336ef447e0007c3032d,device01,191357,0.031892832,17.20044327,Fri Jul 19 2024 14:07:50 GMT+0000 (Coordinated Universal Time)
669a7590ef447e0007c3032e,device01,0,0,0.620000005,Fri Jul 19 2024 14:17:52 GMT+0000 (Coordinated Universal Time)
669a77eaef447e0007c3032f,device01,183078,0.030513,16.48325348,Fri Jul 19 2024 14:27:54 GMT+0000 (Coordinated Universal Time)
669a7a45ef447e0007c30330,device01,135283,0.022547167,12.3426075,Fri Jul 19 2024 14:37:57 GMT+0000 (Coordinated Universal Time)
669a7c9eef447e0007c30331,device01,194100,0.03235,17.43806076,Fri Jul 19 2024 14:47:58 GMT+0000 (Coordinated Universal Time)
669a7ef8ef447e0007c30332,device01,198861,0.033143502,17.85048676,Fri Jul 19 2024 14:58:00 GMT+0000 (Coordinated Universal Time)
669a8153ef447e0007c30333,device01,154756,0.025792666,14.02967739,Fri Jul 19 2024 15:08:03 GMT+0000 (Coordinated Universal Time)
669a83acef447e0007c30334,device01,0,0,0.620000005,Fri Jul 19 2024 15:18:04 GMT+0000 (Coordinated Universal Time)
669a8606ef447e0007c30335,device01,152189,0.025364833,13.80728626,Fri Jul 19 2024 15:28:06 GMT+0000 (Coordinated Universal Time)
669a8860ef447e0007c30336,device01,129124,0.021520667,11.80899715,Fri Jul 19 2024 15:38:08 GMT+0000 (Coordinated Universal Time)
669a8a31ef447e0007c30337,device01,133531,0.022255167,12.19081688,Fri Jul 19 2024 15:45:53 GMT+0000 (Coordinated Universal Time)
669a8abaef447e0007c30338,device01,0,0,0.620000005,Fri Jul 19 2024 15:48:10 GMT+0000 (Coordinated Universal Time)
669a8d15ef447e0007c30339,device01,153418,0.025569666,13.91376019,Fri Jul 19 2024 15:58:13 GMT+0000 (Coordinated Universal Time)
669a8f6fef447e0007c3033a,device01,240326,0.040054332,21.44222641,Fri Jul 19 2024 16:08:15 GMT+0000 (Coordinated Universal Time)
669a91c8ef447e0007c3033b,device01,0,0,0.620000005,Fri Jul 19 2024 16:18:16 GMT+0000 (Coordinated Universal Time)
669a9422ef447e0007c3033c,device01,293170,0.048861668,26.01912308,Fri Jul 19 2024 16:28:18 GMT+0000 (Coordinated Universal Time)
669a967def447e0007c3033d,device01,0,0,0.620000005,Fri Jul 19 2024 16:38:21 GMT+0000 (Coordinated Universal Time)
669a98d7ef447e0007c3033e,device01,113656,0.018942667,10.46883106,Fri Jul 19 2024 16:48:23 GMT+0000 (Coordinated Universal Time)
669a9b30ef447e0007c3033f,device01,156098,0.026016334,14.14594078,Fri Jul 19 2024 16:58:24 GMT+0000 (Coordinated Universal Time)
669a9d8bef447e0007c30340,device01,245178,0.040863,21.8624897,Fri Jul 19 2024 17:08:27 GMT+0000 (Coordinated Universal Time)
669a9fe4ef447e0007c30341,device01,69577,0.011596167,6.649497032,Fri Jul 19 2024 17:18:28 GMT+0000 (Coordinated Universal Time)
669aa23fef447e0007c30342,device01,381880,0.063646667,33.70115662,Fri Jul 19 2024 17:28:31 GMT+0000 (Coordinated Universal Time)
669aa498ef447e0007c30343,device01,0,0,0.620000005,Fri Jul 19 2024 17:38:32 GMT+0000 (Coordinated Universal Time)
669aa6f3ef447e0007c30344,device01,33052,0.005508667,3.484391689,Fri Jul 19 2024 17:48:34 GMT+0000 (Coordinated Universal Time)
669aa94cef447e0007c30345,device01,24782,0.004130333,2.76770854,Fri Jul 19 2024 17:58:36 GMT+0000 (Coordinated Universal Time)
669aaba5ef447e0007c30346,device01,115774,0.019295666,10.65233994,Fri Jul 19 2024 18:08:37 GMT+0000 (Coordinated Universal Time)
669aadffef447e0007c30347,device01,47294,0.007882333,4.718577862,Fri Jul 19 2024 18:18:39 GMT+0000 (Coordinated Universal Time)
669ab059ef447e0007c30348,device01,113431,0.018905167,10.44933605,Fri Jul 19 2024 18:28:41 GMT+0000 (Coordinated Universal Time)
669ab2b2ef447e0007c30349,device01,0,0,0.620000005,Fri Jul 19 2024 18:38:42 GMT+0000 (Coordinated Universal Time)
669ab50def447e0007c3034a,device01,89963,0.014993833,8.415943146,Fri Jul 19 2024 18:48:45 GMT+0000 (Coordinated Universal Time)
669ab767ef447e0007c3034b,device01,181657,0.030276166,16.3601532,Fri Jul 19 2024 18:58:47 GMT+0000 (Coordinated Universal Time)
669ab9c1ef447e0007c3034c,device01,0,0,0.620000005,Fri Jul 19 2024 19:08:49 GMT+0000 (Coordinated Universal Time)
669abc1aef447e0007c3034d,device01,247881,0.041313499,22.09661102,Fri Jul 19 2024 19:18:50 GMT+0000 (Coordinated Universal Time)
669abe74ef447e0007c3034e,device01,358019,0.059669834,31.6350174,Fri Jul 19 2024 19:28:52 GMT+0000 (Coordinated Universal Time)
669ac0ceef447e0007c3034f,device01,303503,0.050583832,26.914011,Fri Jul 19 2024 19:38:54 GMT+0000 (Coordinated Universal Time)
669ac328ef447e0007c30350,device01,197748,0.032958001,17.75407219,Fri Jul 19 2024 19:48:56 GMT+0000 (Coordinated Universal Time)
669ac582ef447e0007c30351,device01,375615,0.062602498,33.15867615,Fri Jul 19 2024 19:58:58 GMT+0000 (Coordinated Universal Time)
669ac7ddef447e0007c30352,device01,77175,0.0128625,7.307873726,Fri Jul 19 2024 20:09:01 GMT+0000 (Coordinated Universal Time)
669aca37ef447e0007c30353,device01,614001,0.102333501,53.79480743,Fri Jul 19 2024 20:19:03 GMT+0000 (Coordinated Universal Time)
669acc91ef447e0007c30354,device01,133508,0.022251334,12.18882465,Fri Jul 19 2024 20:29:05 GMT+0000 (Coordinated Universal Time)
669aceeaef447e0007c30355,device01,441768,0.073628001,38.88639832,Fri Jul 19 2024 20:39:06 GMT+0000 (Coordinated Universal Time)
669ad145ef447e0007c30356,device01,150084,0.025014,13.62491989,Fri Jul 19 2024 20:49:09 GMT+0000 (Coordinated Universal Time)
669ad39fef447e0007c30357,device01,37734,0.006289,3.890130043,Fri Jul 19 2024 20:59:11 GMT+0000 (Coordinated Universal Time)
669ad5f9ef447e0007c30358,device01,254190,0.042365,22.6430645,Fri Jul 19 2024 21:09:13 GMT+0000 (Coordinated Universal Time)
669ad853ef447e0007c30359,device01,662936,0.110489331,58.02954483,Fri Jul 19 2024 21:19:15 GMT+0000 (Coordinated Universal Time)
669adaadef447e0007c3035a,device01,574767,0.095794499,50.39923859,Fri Jul 19 2024 21:29:17 GMT+0000 (Coordinated Universal Time)
669add06ef447e0007c3035b,device01,0,0,0.620000005,Fri Jul 19 2024 21:39:18 GMT+0000 (Coordinated Universal Time)
669adf5fef447e0007c3035c,device01,247089,0.041181501,22.02801323,Fri Jul 19 2024 21:49:19 GMT+0000 (Coordinated Universal Time)
669ae1b9ef447e0007c3035d,device01,258165,0.043027502,22.98735237,Fri Jul 19 2024 21:59:21 GMT+0000 (Coordinated Universal Time)
669ae413ef447e0007c3035e,device01,141808,0.023634667,12.90791893,Fri Jul 19 2024 22:09:23 GMT+0000 (Coordinated Universal Time)
669ae66def447e0007c3035f,device01,97609,0.016268166,9.078445435,Fri Jul 19 2024 22:19:25 GMT+0000 (Coordinated Universal Time)
669ae8c6ef447e0007c30360,device01,132613,0.022102166,12.11128139,Fri Jul 19 2024 22:29:26 GMT+0000 (Coordinated Universal Time)
669aeb20ef447e0007c30361,device01,105672,0.017612001,9.777067184,Fri Jul 19 2024 22:39:28 GMT+0000 (Coordinated Universal Time)
669aed79ef447e0007c30362,device01,248819,0.041469835,22.17785645,Fri Jul 19 2024 22:49:29 GMT+0000 (Coordinated Universal Time)
669aefd3ef447e0007c30363,device01,152278,0.025379667,13.81499672,Fri Jul 19 2024 22:59:31 GMT+0000 (Coordinated Universal Time)
669af22cef447e0007c30364,device01,448863,0.074810497,39.50065231,Fri Jul 19 2024 23:09:32 GMT+0000 (Coordinated Universal Time)
669af487ef447e0007c30365,device01,183323,0.030553833,16.50447655,Fri Jul 19 2024 23:19:35 GMT+0000 (Coordinated Universal Time)
669af6e1ef447e0007c30366,device01,0,0,0.620000005,Fri Jul 19 2024 23:29:37 GMT+0000 (Coordinated Universal Time)
669af93aef447e0007c30367,device01,101683,0.016947167,9.431440353,Fri Jul 19 2024 23:39:38 GMT+0000 (Coordinated Universal Time)
669afb95ef447e0007c30368,device01,68191,0.011365167,6.529397488,Fri Jul 19 2024 23:49:41 GMT+0000 (Coordinated Universal Time)
669afdefef447e0007c30369,device01,135693,0.0226155,12.37812996,Fri Jul 19 2024 23:59:43 GMT+0000 (Coordinated Universal Time)
669b0048ef447e0007c3036a,device01,0,0,0.620000005,Sat Jul 20 2024 00:09:44 GMT+0000 (Coordinated Universal Time)
669b02a2ef447e0007c3036b,device01,209925,0.034987502,18.80889511,Sat Jul 20 2024 00:19:46 GMT+0000 (Coordinated Universal Time)
669b04fdef447e0007c3036c,device01,75495,0.0125825,7.162300587,Sat Jul 20 2024 00:29:49 GMT+0000 (Coordinated Universal Time)
669b0757ef447e0007c3036d,device01,69618,0.011603,6.653049946,Sat Jul 20 2024 00:39:51 GMT+0000 (Coordinated Universal Time)
669b09b1ef447e0007c3036e,device01,211970,0.035328332,18.98603821,Sat Jul 20 2024 00:49:53 GMT+0000 (Coordinated Universal Time)
669b0c0aef447e0007c3036f,device01,257754,0.042959001,22.95175552,Sat Jul 20 2024 00:59:54 GMT+0000 (Coordinated Universal Time)
669b0e65ef447e0007c30370,device01,117290,0.019548334,10.7836895,Sat Jul 20 2024 01:09:57 GMT+0000 (Coordinated Universal Time)
669b10bfef447e0007c30371,device01,239168,0.039861333,21.34192467,Sat Jul 20 2024 01:19:59 GMT+0000 (Coordinated Universal Time)
669b1319ef447e0007c30372,device01,438801,0.073133498,38.62952423,Sat Jul 20 2024 01:30:01 GMT+0000 (Coordinated Universal Time)
669b1572ef447e0007c30373,device01,182408,0.030401334,16.42521286,Sat Jul 20 2024 01:40:02 GMT+0000 (Coordinated Universal Time)
669b17cdef447e0007c30374,device01,486649,0.081108168,42.77183533,Sat Jul 20 2024 01:50:05 GMT+0000 (Coordinated Universal Time)
669b1a27ef447e0007c30375,device01,0,0,0.620000005,Sat Jul 20 2024 02:00:07 GMT+0000 (Coordinated Universal Time)
669b1c82ef447e0007c30376,device01,131272,0.021878667,11.99510002,Sat Jul 20 2024 02:10:10 GMT+0000 (Coordinated Universal Time)
669b1edcef447e0007c30377,device01,58288,0.009714667,5.67126894,Sat Jul 20 2024 02:20:12 GMT+0000 (Coordinated Universal Time)
669b2137ef447e0007c30378,device01,108575,0.018095834,10.02859592,Sat Jul 20 2024 02:30:15 GMT+0000 (Coordinated Universal Time)
669b2391ef447e0007c30379,device01,78599,0.013099833,7.431263924,Sat Jul 20 2024 02:40:17 GMT+0000 (Coordinated Universal Time)
669b25ebef447e0007c3037a,device01,119699,0.019949833,10.99240875,Sat Jul 20 2024 02:50:19 GMT+0000 (Coordinated Universal Time)
669b2844ef447e0007c3037b,device01,212047,0.035341166,18.99271011,Sat Jul 20 2024 03:00:20 GMT+0000 (Coordinated Universal Time)
669b2a9fef447e0007c3037c,device01,619289,0.10321483,54.25243759,Sat Jul 20 2024 03:10:23 GMT+0000 (Coordinated Universal Time)
669b2cf9ef447e0007c3037d,device01,30596,0.005099333,3.271554708,Sat Jul 20 2024 03:20:25 GMT+0000 (Coordinated Universal Time)
669b2f53ef447e0007c3037e,device01,43575,0.0072625,4.396299839,Sat Jul 20 2024 03:30:27 GMT+0000 (Coordinated Universal Time)
669b31acef447e0007c3037f,device01,573397,0.095566168,50.28066254,Sat Jul 20 2024 03:40:28 GMT+0000 (Coordinated Universal Time)
669b3406ef447e0007c30380,device01,526895,0.087815836,46.25567627,Sat Jul 20 2024 03:50:30 GMT+0000 (Coordinated Universal Time)
669b3661ef447e0007c30381,device01,520226,0.086704336,45.67840576,Sat Jul 20 2024 04:00:33 GMT+0000 (Coordinated Universal Time)
669b38baef447e0007c30382,device01,423465,0.070577502,37.30176163,Sat Jul 20 2024 04:10:34 GMT+0000 (Coordinated Universal Time)
669b3b14ef447e0007c30383,device01,514372,0.085728668,45.17167282,Sat Jul 20 2024 04:20:36 GMT+0000 (Coordinated Universal Time)
669b3d6eef447e0007c30384,device01,697481,0.116246834,61.01873016,Sat Jul 20 2024 04:30:38 GMT+0000 (Coordinated Universal Time)
669b3fc8ef447e0007c30385,device01,205291,0.034215167,18.40748215,Sat Jul 20 2024 04:40:40 GMT+0000 (Coordinated Universal Time)
669b4222ef447e0007c30386,device01,234736,0.039122667,20.95803642,Sat Jul 20 2024 04:50:42 GMT+0000 (Coordinated Universal Time)
669b447def447e0007c30387,device01,400324,0.066720665,35.29815292,Sat Jul 20 2024 05:00:45 GMT+0000 (Coordinated Universal Time)
669b46d6ef447e0007c30388,device01,0,0,0.620000005,Sat Jul 20 2024 05:10:46 GMT+0000 (Coordinated Universal Time)
669b4931ef447e0007c30389,device01,77646,0.012941,7.348686218,Sat Jul 20 2024 05:20:49 GMT+0000 (Coordinated Universal Time)
669b4b8aef447e0007c3038a,device01,0,0,0.620000005,Sat Jul 20 2024 05:30:50 GMT+0000 (Coordinated Universal Time)
669b4de5ef447e0007c3038b,device01,20940,0.00349,2.434753895,Sat Jul 20 2024 05:40:53 GMT+0000 (Coordinated Universal Time)
669b503fef447e0007c3038c,device01,26926,0.004487667,2.953510284,Sat Jul 20 2024 05:50:55 GMT+0000 (Coordinated Universal Time)
669b5298ef447e0007c3038d,device01,0,0,0.620000005,Sat Jul 20 2024 06:00:56 GMT+0000 (Coordinated Universal Time)
669b54f3ef447e0007c3038e,device01,92212,0.015368666,8.610813141,Sat Jul 20 2024 06:10:59 GMT+0000 (Coordinated Universal Time)
669b574def447e0007c3038f,device01,79534,0.013255667,7.512281418,Sat Jul 20 2024 06:21:01 GMT+0000 (Coordinated Universal Time)
669b59a6ef447e0007c30390,device01,0,0,0.620000005,Sat Jul 20 2024 06:31:02 GMT+0000 (Coordinated Universal Time)
669b5c00ef447e0007c30391,device01,52938,0.008823,5.20766449,Sat Jul 20 2024 06:41:04 GMT+0000 (Coordinated Universal Time)
669b5e5bef447e0007c30392,device01,61503,0.0102505,5.949862003,Sat Jul 20 2024 06:51:07 GMT+0000 (Coordinated Universal Time)
669b60b5ef447e0007c30393,device01,205548,0.034258001,18.42974472,Sat Jul 20 2024 07:01:09 GMT+0000 (Coordinated Universal Time)
669b630fef447e0007c30394,device01,317692,0.052948665,28.14281654,Sat Jul 20 2024 07:11:11 GMT+0000 (Coordinated Universal Time)
669b6569ef447e0007c30395,device01,0,0,0.620000005,Sat Jul 20 2024 07:21:13 GMT+0000 (Coordinated Universal Time)
669b67c3ef447e0007c30396,device01,224747,0.037457835,20.09280205,Sat Jul 20 2024 07:31:15 GMT+0000 (Coordinated Universal Time)
669b6a1eef447e0007c30397,device01,571020,0.095169999,50.07492828,Sat Jul 20 2024 07:41:18 GMT+0000 (Coordinated Universal Time)
669b6c78ef447e0007c30398,device01,221091,0.0368485,19.77611542,Sat Jul 20 2024 07:51:20 GMT+0000 (Coordinated Universal Time)
669b6ed2ef447e0007c30399,device01,106234,0.017705666,9.825760841,Sat Jul 20 2024 08:01:22 GMT+0000 (Coordinated Universal Time)
669b712def447e0007c3039a,device01,104176,0.017362667,9.647447586,Sat Jul 20 2024 08:11:25 GMT+0000 (Coordinated Universal Time)
669b7387ef447e0007c3039b,device01,0,0,0.620000005,Sat Jul 20 2024 08:21:27 GMT+0000 (Coordinated Universal Time)
669b75e1ef447e0007c3039c,device01,133383,0.0222305,12.17799473,Sat Jul 20 2024 08:31:29 GMT+0000 (Coordinated Universal Time)
669b783aef447e0007c3039d,device01,524500,0.087416664,46.04836273,Sat Jul 20 2024 08:41:30 GMT+0000 (Coordinated Universal Time)
669b7a95ef447e0007c3039e,device01,68563,0.011427167,6.561632156,Sat Jul 20 2024 08:51:33 GMT+0000 (Coordinated Universal Time)
669b7cf0ef447e0007c3039f,device01,309308,0.051551335,27.41674614,Sat Jul 20 2024 09:01:36 GMT+0000 (Coordinated Universal Time)
669b7f4aef447e0007c303a0,device01,517008,0.086167999,45.39984512,Sat Jul 20 2024 09:11:38 GMT+0000 (Coordinated Universal Time)
669b81a3ef447e0007c303a1,device01,0,0,0.620000005,Sat Jul 20 2024 09:21:39 GMT+0000 (Coordinated Universal Time)
669b83fdef447e0007c303a2,device01,0,0,0.620000005,Sat Jul 20 2024 09:31:41 GMT+0000 (Coordinated Universal Time)
669b8657ef447e0007c303a3,device01,239849,0.039974835,21.40091324,Sat Jul 20 2024 09:41:43 GMT+0000 (Coordinated Universal Time)
669b88b1ef447e0007c303a4,device01,0,0,0.620000005,Sat Jul 20 2024 09:51:45 GMT+0000 (Coordinated Universal Time)
669b8b0bef447e0007c303a5,device01,168246,0.028041,15.19835567,Sat Jul 20 2024 10:01:47 GMT+0000 (Coordinated Universal Time)
669b8d65ef447e0007c303a6,device01,101028,0.016837999,9.374687195,Sat Jul 20 2024 10:11:49 GMT+0000 (Coordinated Universal Time)
669b8fbeef447e0007c303a7,device01,153234,0.025539,13.89781952,Sat Jul 20 2024 10:21:50 GMT+0000 (Coordinated Universal Time)
669b9219ef447e0007c303a8,device01,47339,0.007889833,4.722476959,Sat Jul 20 2024 10:31:53 GMT+0000 (Coordinated Universal Time)
669b9472ef447e0007c303a9,device01,233996,0.038999334,20.89393997,Sat Jul 20 2024 10:41:54 GMT+0000 (Coordinated Universal Time)
669b96ccef447e0007c303aa,device01,715196,0.119199336,62.55152512,Sat Jul 20 2024 10:51:56 GMT+0000 (Coordinated Universal Time)
669b9927ef447e0007c303ab,device01,296942,0.049490333,26.3458004,Sat Jul 20 2024 11:01:59 GMT+0000 (Coordinated Universal Time)
669b9b81ef447e0007c303ac,device01,195734,0.032622334,17.57960701,Sat Jul 20 2024 11:12:01 GMT+0000 (Coordinated Universal Time)
669b9ddbef447e0007c303ad,device01,552917,0.092152834,48.50806427,Sat Jul 20 2024 11:22:03 GMT+0000 (Coordinated Universal Time)
669ba034ef447e0007c303ae,device01,208369,0.034728166,18.67410851,Sat Jul 20 2024 11:32:04 GMT+0000 (Coordinated Universal Time)
669ba28fef447e0007c303af,device01,32164,0.005360667,3.407437563,Sat Jul 20 2024 11:42:07 GMT+0000 (Coordinated Universal Time)
669ba4e9ef447e0007c303b0,device01,98357,0.016392833,9.143256187,Sat Jul 20 2024 11:52:09 GMT+0000 (Coordinated Universal Time)
669ba743ef447e0007c303b1,device01,354685,0.059114166,31.34631538,Sat Jul 20 2024 12:02:11 GMT+0000 (Coordinated Universal Time)
669ba99eef447e0007c303b2,device01,437945,0.072990835,38.55541611,Sat Jul 20 2024 12:12:14 GMT+0000 (Coordinated Universal Time)
669babf8ef447e0007c303b3,device01,263586,0.043931,23.45687866,Sat Jul 20 2024 12:22:16 GMT+0000 (Coordinated Universal Time)
669bae53ef447e0007c303b4,device01,112767,0.018794499,10.3918047,Sat Jul 20 2024 12:32:19 GMT+0000 (Coordinated Universal Time)
669bb0acef447e0007c303b5,device01,0,0,0.620000005,Sat Jul 20 2024 12:42:20 GMT+0000 (Coordinated Universal Time)
669bb306ef447e0007c303b6,device01,358320,0.059719998,31.66108131,Sat Jul 20 2024 12:52:22 GMT+0000 (Coordinated Universal Time)
669bb561ef447e0007c303b7,device01,228676,0.038112666,20.43312836,Sat Jul 20 2024 13:02:25 GMT+0000 (Coordinated Universal Time)
669bb7bbef447e0007c303b8,device01,11159,0.001859833,1.587100267,Sat Jul 20 2024 13:12:27 GMT+0000 (Coordinated Universal Time)
669bba15ef447e0007c303b9,device01,62285,0.010380833,6.017624855,Sat Jul 20 2024 13:22:29 GMT+0000 (Coordinated Universal Time)
669bbc6fef447e0007c303ba,device01,269347,0.044891167,23.95584869,Sat Jul 20 2024 13:32:31 GMT+0000 (Coordinated Universal Time)
669bbec9ef447e0007c303bb,device01,70201,0.011700166,6.703567982,Sat Jul 20 2024 13:42:33 GMT+0000 (Coordinated Universal Time)
669bc123ef447e0007c303bc,device01,68919,0.0114865,6.592479706,Sat Jul 20 2024 13:52:35 GMT+0000 (Coordinated Universal Time)
669bc37cef447e0007c303bd,device01,0,0,0.620000005,Sat Jul 20 2024 14:02:36 GMT+0000 (Coordinated Universal Time)
669bc5d6ef447e0007c303be,device01,181683,0.030280501,16.36240578,Sat Jul 20 2024 14:12:38 GMT+0000 (Coordinated Universal Time)
669bc830ef447e0007c303bf,device01,676452,0.112741999,59.19911575,Sat Jul 20 2024 14:22:40 GMT+0000 (Coordinated Universal Time)
669bca8bef447e0007c303c0,device01,70259,0.011709834,6.708593845,Sat Jul 20 2024 14:32:43 GMT+0000 (Coordinated Universal Time)
669bcce5ef447e0007c303c1,device01,438305,0.073050834,38.586586,Sat Jul 20 2024 14:42:45 GMT+0000 (Coordinated Universal Time)
669bcf3eef447e0007c303c2,device01,0,0,0.620000005,Sat Jul 20 2024 14:52:46 GMT+0000 (Coordinated Universal Time)
669bd198ef447e0007c303c3,device01,688378,0.114729665,60.23107147,Sat Jul 20 2024 15:02:48 GMT+0000 (Coordinated Universal Time)
669bd3f1ef447e0007c303c4,device01,0,0,0.620000005,Sat Jul 20 2024 15:12:49 GMT+0000 (Coordinated Universal Time)
669bd64aef447e0007c303c5,device01,217614,0.036269002,19.47493362,Sat Jul 20 2024 15:22:50 GMT+0000 (Coordinated Universal Time)
669bd8a5ef447e0007c303c6,device01,254617,0.042436168,22.68004799,Sat Jul 20 2024 15:32:53 GMT+0000 (Coordinated Universal Time)
669bdaffef447e0007c303c7,device01,203241,0.033873498,18.22990227,Sat Jul 20 2024 15:42:55 GMT+0000 (Coordinated Universal Time)
669bdd59ef447e0007c303c8,device01,117171,0.019528501,10.77337933,Sat Jul 20 2024 15:52:57 GMT+0000 (Coordinated Universal Time)
669bdfb3ef447e0007c303c9,device01,186674,0.031112334,16.79476738,Sat Jul 20 2024 16:02:59 GMT+0000 (Coordinated Universal Time)
669be20def447e0007c303ca,device01,834328,0.139054671,72.85790253,Sat Jul 20 2024 16:13:01 GMT+0000 (Coordinated Universal Time)
669be467ef447e0007c303cb,device01,592181,0.098696835,51.90639496,Sat Jul 20 2024 16:23:03 GMT+0000 (Coordinated Universal Time)
669be6c1ef447e0007c303cc,device01,286479,0.047746498,25.43963432,Sat Jul 20 2024 16:33:05 GMT+0000 (Coordinated Universal Time)
669be91bef447e0007c303cd,device01,358814,0.059802335,31.70385933,Sat Jul 20 2024 16:43:07 GMT+0000 (Coordinated Universal Time)
669beb75ef447e0007c303ce,device01,141666,0.023611,12.89561558,Sat Jul 20 2024 16:53:09 GMT+0000 (Coordinated Universal Time)
669bedcfef447e0007c303cf,device01,502964,0.083827332,44.18415833,Sat Jul 20 2024 17:03:11 GMT+0000 (Coordinated Universal Time)
669bf029ef447e0007c303d0,device01,328339,0.054723166,29.06484795,Sat Jul 20 2024 17:13:13 GMT+0000 (Coordinated Universal Time)
669bf283ef447e0007c303d1,device01,20760,0.00346,2.419154644,Sat Jul 20 2024 17:23:15 GMT+0000 (Coordinated Universal Time)
669bf4dcef447e0007c303d2,device01,334818,0.055803001,29.62591934,Sat Jul 20 2024 17:33:16 GMT+0000 (Coordinated Universal Time)
669bf737ef447e0007c303d3,device01,48351,0.0080585,4.810173512,Sat Jul 20 2024 17:43:19 GMT+0000 (Coordinated Universal Time)
669bf991ef447e0007c303d4,device01,218325,0.036387499,19.53652,Sat Jul 20 2024 17:53:21 GMT+0000 (Coordinated Universal Time)
669bfbebef447e0007c303d5,device01,315419,0.052569833,27.94597054,Sat Jul 20 2024 18:03:23 GMT+0000 (Coordinated Universal Time)
669bfe46ef447e0007c303d6,device01,133917,0.022319499,12.22425938,Sat Jul 20 2024 18:13:26 GMT+0000 (Coordinated Universal Time)
669c009fef447e0007c303d7,device01,154969,0.025828166,14.04813004,Sat Jul 20 2024 18:23:27 GMT+0000 (Coordinated Universal Time)
669c02f9ef447e0007c303d8,device01,69937,0.011656167,6.680692196,Sat Jul 20 2024 18:33:29 GMT+0000 (Coordinated Universal Time)
669c0553ef447e0007c303d9,device01,68783,0.011463833,6.580695152,Sat Jul 20 2024 18:43:31 GMT+0000 (Coordinated Universal Time)
669c07adef447e0007c303da,device01,231429,0.038571499,20.67159081,Sat Jul 20 2024 18:53:33 GMT+0000 (Coordinated Universal Time)
669c0a07ef447e0007c303db,device01,55036,0.009172667,5.389468193,Sat Jul 20 2024 19:03:35 GMT+0000 (Coordinated Universal Time)
669c0c61ef447e0007c303dc,device01,46563,0.0077605,4.655231476,Sat Jul 20 2024 19:13:37 GMT+0000 (Coordinated Universal Time)
669c0ebbef447e0007c303dd,device01,131994,0.021999,12.05765247,Sat Jul 20 2024 19:23:39 GMT+0000 (Coordinated Universal Time)
669c1115ef447e0007c303de,device01,320047,0.053341165,28.3467598,Sat Jul 20 2024 19:33:41 GMT+0000 (Coordinated Universal Time)
669c136eef447e0007c303df,device01,602696,0.100449331,52.81642532,Sat Jul 20 2024 19:43:42 GMT+0000 (Coordinated Universal Time)
669c15c8ef447e0007c303e0,device01,281209,0.046868168,24.98321342,Sat Jul 20 2024 19:53:44 GMT+0000 (Coordinated Universal Time)
669c1823ef447e0007c303e1,device01,167360,0.027893333,15.12160015,Sat Jul 20 2024 20:03:47 GMT+0000 (Coordinated Universal Time)
669c1a7eef447e0007c303e2,device01,77256,0.012876,7.314892292,Sat Jul 20 2024 20:13:50 GMT+0000 (Coordinated Universal Time)
669c1cd7ef447e0007c303e3,device01,13960,0.002326667,1.829846144,Sat Jul 20 2024 20:23:51 GMT+0000 (Coordinated Universal Time)
669c1f31ef447e0007c303e4,device01,235524,0.039253999,21.02629089,Sat Jul 20 2024 20:33:53 GMT+0000 (Coordinated Universal Time)
669c218bef447e0007c303e5,device01,144786,0.024131,13.16592312,Sat Jul 20 2024 20:43:55 GMT+0000 (Coordinated Universal Time)
669c23e5ef447e0007c303e6,device01,139798,0.023299666,12.733778,Sat Jul 20 2024 20:53:57 GMT+0000 (Coordinated Universal Time)
669c263fef447e0007c303e7,device01,167651,0.027941834,15.14681053,Sat Jul 20 2024 21:03:59 GMT+0000 (Coordinated Universal Time)
669c2898ef447e0007c303e8,device01,104480,0.017413333,9.673787117,Sat Jul 20 2024 21:14:00 GMT+0000 (Coordinated Universal Time)
669c2af3ef447e0007c303e9,device01,100625,0.016770834,9.339770317,Sat Jul 20 2024 21:24:03 GMT+0000 (Coordinated Universal Time)
669c2d4def447e0007c303ea,device01,0,0,0.620000005,Sat Jul 20 2024 21:34:05 GMT+0000 (Coordinated Universal Time)
669c2fa7ef447e0007c303eb,device01,340987,0.056831166,30.16013527,Sat Jul 20 2024 21:44:07 GMT+0000 (Coordinated Universal Time)
669c3200ef447e0007c303ec,device01,0,0,0.620000005,Sat Jul 20 2024 21:54:08 GMT+0000 (Coordinated Universal Time)
669c345bef447e0007c303ed,device01,70929,0.0118215,6.766650677,Sat Jul 20 2024 22:04:11 GMT+0000 (Coordinated Universal Time)
669c36b5ef447e0007c303ee,device01,47268,0.007878,4.716324806,Sat Jul 20 2024 22:14:13 GMT+0000 (Coordinated Universal Time)
669c390fef447e0007c303ef,device01,292410,0.048735,25.95330048,Sat Jul 20 2024 22:24:15 GMT+0000 (Coordinated Universal Time)
669c3b69ef447e0007c303f0,device01,18779,0.003129833,2.247476101,Sat Jul 20 2024 22:34:17 GMT+0000 (Coordinated Universal Time)
669c3dc3ef447e0007c303f1,device01,83661,0.0139435,7.869884014,Sat Jul 20 2024 22:44:19 GMT+0000 (Coordinated Universal Time)
669c401cef447e0007c303f2,device01,0,0,0.620000005,Sat Jul 20 2024 22:54:20 GMT+0000 (Coordinated Universal Time)
669c4276ef447e0007c303f3,device01,37329,0.0062215,3.855033398,Sat Jul 20 2024 23:04:22 GMT+0000 (Coordinated Universal Time)
669c44d1ef447e0007c303f4,device01,285111,0.047518499,25.32115746,Sat Jul 20 2024 23:14:25 GMT+0000 (Coordinated Universal Time)
669c472aef447e0007c303f5,device01,144724,0.024120666,13.16055107,Sat Jul 20 2024 23:24:26 GMT+0000 (Coordinated Universal Time)
669c4985ef447e0007c303f6,device01,58892,0.009815333,5.723608494,Sat Jul 20 2024 23:34:29 GMT+0000 (Coordinated Universal Time)
669c4bdfef447e0007c303f7,device01,283255,0.047209166,25.16041374,Sat Jul 20 2024 23:44:31 GMT+0000 (Coordinated Universal Time)
669c4e39ef447e0007c303f8,device01,466441,0.07774017,41.02244186,Sat Jul 20 2024 23:54:33 GMT+0000 (Coordinated Universal Time)
669c5093ef447e0007c303f9,device01,192209,0.032034833,17.27425003,Sun Jul 21 2024 00:04:35 GMT+0000 (Coordinated Universal Time)
669c52edef447e0007c303fa,device01,165590,0.027598333,14.96826172,Sun Jul 21 2024 00:14:37 GMT+0000 (Coordinated Universal Time)
669c5548ef447e0007c303fb,device01,290677,0.048446167,25.80321312,Sun Jul 21 2024 00:24:40 GMT+0000 (Coordinated Universal Time)
669c57a2ef447e0007c303fc,device01,844091,0.140681833,73.70241547,Sun Jul 21 2024 00:34:42 GMT+0000 (Coordinated Universal Time)
669c59fbef447e0007c303fd,device01,240421,0.040070165,21.45045471,Sun Jul 21 2024 00:44:43 GMT+0000 (Coordinated Universal Time)
669c5c54ef447e0007c303fe,device01,161637,0.0269395,14.62580395,Sun Jul 21 2024 00:54:44 GMT+0000 (Coordinated Universal Time)
669c5eaeef447e0007c303ff,device01,22756,0.003792667,2.592132092,Sun Jul 21 2024 01:04:46 GMT+0000 (Coordinated Universal Time)
669c6109ef447e0007c30400,device01,83316,0.013886,7.839990139,Sun Jul 21 2024 01:14:49 GMT+0000 (Coordinated Universal Time)
669c6363ef447e0007c30401,device01,447067,0.07451117,39.34516525,Sun Jul 21 2024 01:24:51 GMT+0000 (Coordinated Universal Time)
669c65bdef447e0007c30402,device01,120214,0.020035667,11.03703022,Sun Jul 21 2024 01:34:53 GMT+0000 (Coordinated Universal Time)
669c6817ef447e0007c30403,device01,66362,0.011060333,6.370909691,Sun Jul 21 2024 01:44:55 GMT+0000 (Coordinated Universal Time)
669c6a71ef447e0007c30404,device01,9665,0.001610833,1.457623482,Sun Jul 21 2024 01:54:57 GMT+0000 (Coordinated Universal Time)
669c6ccbef447e0007c30405,device01,60510,0.010085,5.863814354,Sun Jul 21 2024 02:04:59 GMT+0000 (Coordinated Universal Time)
669c6f25ef447e0007c30406,device01,169039,0.028173167,15.26705551,Sun Jul 21 2024 02:15:01 GMT+0000 (Coordinated Universal Time)
669c717fef447e0007c30407,device01,269433,0.044905499,23.96329498,Sun Jul 21 2024 02:25:03 GMT+0000 (Coordinated Universal Time)
669c73daef447e0007c30408,device01,128087,0.021347834,11.71915245,Sun Jul 21 2024 02:35:06 GMT+0000 (Coordinated Universal Time)
669c7633ef447e0007c30409,device01,0,0,0.620000005,Sun Jul 21 2024 02:45:07 GMT+0000 (Coordinated Universal Time)
669c788def447e0007c3040a,device01,42500,0.007083334,4.303143024,Sun Jul 21 2024 02:55:09 GMT+0000 (Coordinated Universal Time)
669c7ae7ef447e0007c3040b,device01,68125,0.011354167,6.523678303,Sun Jul 21 2024 03:05:11 GMT+0000 (Coordinated Universal Time)
669c7d41ef447e0007c3040c,device01,722763,0.120460503,63.20624161,Sun Jul 21 2024 03:15:13 GMT+0000 (Coordinated Universal Time)